Test-related Method	Total # Nodes Reachable From Method	# Nodes Reachable From Mock Invocations
org.apache.ibatis.mapping.CacheBuilderTest::testInitializing()V	880	0
org.apache.ibatis.mapping.CacheBuilderTest::testInitializingFailure()V	825	0
org.apache.ibatis.mapping.BoundSqlTest::testHasAdditionalParameter()V	45	31
org.apache.ibatis.datasource.unpooled.NetworkTimeoutTest::testNetworkTimeout_UnpooledDataSource()V	878	4
org.apache.ibatis.datasource.unpooled.NetworkTimeoutTest::testNetworkTimeout_PooledDataSource()V	916	4
org.apache.ibatis.io.ResolverUtilTest::setUp()V	408	0
org.apache.ibatis.io.ResolverUtilTest::testToString()V	420	10
org.apache.ibatis.io.ExternalResourcesTest::setUp()V	428	0
org.apache.ibatis.io.ExternalResourcesTest::testcopyExternalResource()V	428	0
org.apache.ibatis.io.ExternalResourcesTest::testcopyExternalResource_fileNotFound()V	437	0
org.apache.ibatis.io.ExternalResourcesTest::testcopyExternalResource_emptyStringAsFile()V	437	0
org.apache.ibatis.io.ExternalResourcesTest::testGetConfiguredTemplate()V	878	2
org.apache.ibatis.submitted.param_name_resolve.NoActualParamNameTest::setUp()V	1994	12
org.apache.ibatis.submitted.param_name_resolve.NoActualParamNameTest::testSingleListParameterWhenUseActualParamNameIsFalse()V	47	3
org.apache.ibatis.submitted.param_name_resolve.ActualParamNameTest::setUp()V	1994	12
org.apache.ibatis.submitted.param_name_resolve.ActualParamNameTest::testSingleListParameterWhenUseActualParamNameIsTrue()V	43	3
org.apache.ibatis.submitted.param_name_resolve.ActualParamNameTest::testSingleArrayParameterWhenUseActualParamNameIsTrue()V	42	2
org.apache.ibatis.submitted.complex_column.ComplexColumnTest::testWithoutComplex()V	829	0
org.apache.ibatis.submitted.complex_column.ComplexColumnTest::testWithComplex()V	829	0
org.apache.ibatis.submitted.complex_column.ComplexColumnTest::testWithComplex2()V	829	0
org.apache.ibatis.submitted.complex_column.ComplexColumnTest::testWithComplex3()V	829	0
org.apache.ibatis.submitted.complex_column.ComplexColumnTest::testWithComplex4()V	830	0
org.apache.ibatis.submitted.complex_column.ComplexColumnTest::testWithParamAttributes()V	829	0
org.apache.ibatis.submitted.result_set_type.ResultSetTypeTest::setUp()V	1930	4
org.apache.ibatis.submitted.result_set_type.ResultSetTypeTest::testWithStatement()V	820	0
org.apache.ibatis.submitted.result_set_type.ResultSetTypeTest::testWithPrepared()V	820	0
org.apache.ibatis.submitted.result_set_type.ResultSetTypeTest::testWithCallable()V	820	0
org.apache.ibatis.submitted.result_set_type.ResultSetTypeTest::test(Ljava/util/function/Function;I)V	819	1
org.apache.ibatis.submitted.dml_return_types.DmlMapperReturnTypesTest::setUp()V	1926	4
org.apache.ibatis.submitted.javassist.JavassistTest::setUp()V	1926	4
org.apache.ibatis.submitted.missing_id_property.MissingIdPropertyTest::setUp()V	1926	4
org.apache.ibatis.submitted.foreach.ForEachTest::setUp()V	1926	4
org.apache.ibatis.submitted.array_result_type.ArrayResultTypeTest::setUp()V	1926	4
org.apache.ibatis.submitted.annotion_many_one_add_columnprefix.OneManyColumnPrefixTest::setUp()V	1926	4
org.apache.ibatis.submitted.extend.ExtendTest::setUp()V	1926	4
org.apache.ibatis.submitted.extend.ExtendTest::testExtend()V	821	0
org.apache.ibatis.submitted.uuid_test.UUIDTest::setUp()V	1926	4
org.apache.ibatis.submitted.timestamp_with_timezone.TimestampWithTimezoneTypeHandlerTest::setUp()V	1926	4
org.apache.ibatis.submitted.named_constructor_args.InvalidNamedConstructorArgsTest::setUp()V	1926	4
org.apache.ibatis.submitted.named_constructor_args.NamedConstructorArgsUseActualNameTest::setUp()V	1926	4
org.apache.ibatis.submitted.named_constructor_args.NamedConstructorArgsTest::setUp()V	1926	4
org.apache.ibatis.submitted.refcursor.RefCursorTest::setUp()V	1701	0
org.apache.ibatis.submitted.refcursor.RefCursorTest::testRefCursor1()V	824	6
org.apache.ibatis.submitted.refcursor.RefCursorTest::testRefCursor2()V	824	6
org.apache.ibatis.submitted.column_forwarding.ColumnForwardingTest::setUp()V	1926	4
org.apache.ibatis.submitted.parent_childs.ParentChildTest::setUp()V	1926	4
org.apache.ibatis.submitted.sptests.SPTest::testAdderAsSelect()V	822	0
org.apache.ibatis.submitted.sptests.SPTest::testAdderAsSelectDoubleCall1()V	822	0
org.apache.ibatis.submitted.sptests.SPTest::testAdderAsSelectDoubleCall2()V	822	0
org.apache.ibatis.submitted.sptests.SPTest::testAdderAsUpdate()V	822	0
org.apache.ibatis.submitted.sptests.SPTest::testAdderAsUpdateWithParameterMap()V	819	6
org.apache.ibatis.submitted.sptests.SPTest::testCallWithResultSet1()V	826	0
org.apache.ibatis.submitted.sptests.SPTest::testCallWithResultSet2()V	822	3
org.apache.ibatis.submitted.sptests.SPTest::testCallWithResultSet3()V	822	6
org.apache.ibatis.submitted.sptests.SPTest::testCallWithResultSet4()V	822	6
org.apache.ibatis.submitted.sptests.SPTest::testGetNamesWithArray()V	824	5
org.apache.ibatis.submitted.sptests.SPTest::testGetNamesAndItems()V	818	5
org.apache.ibatis.submitted.sptests.SPTest::testAdderAsSelectAnnotated()V	822	0
org.apache.ibatis.submitted.sptests.SPTest::testAdderAsSelectDoubleCallAnnotated1()V	822	0
org.apache.ibatis.submitted.sptests.SPTest::testAdderAsSelectDoubleCallAnnotated2()V	822	0
org.apache.ibatis.submitted.sptests.SPTest::testAdderAsUpdateAnnotated()V	822	0
org.apache.ibatis.submitted.sptests.SPTest::testCallWithResultSet1Annotated()V	826	0
org.apache.ibatis.submitted.sptests.SPTest::testCallWithResultSet1_a2()V	826	0
org.apache.ibatis.submitted.sptests.SPTest::testCallWithResultSet2_a1()V	822	3
org.apache.ibatis.submitted.sptests.SPTest::testCallWithResultSet2_a2()V	822	3
org.apache.ibatis.submitted.sptests.SPTest::testCallWithResultSet3_a1()V	822	6
org.apache.ibatis.submitted.sptests.SPTest::testCallWithResultSet3_a2()V	822	6
org.apache.ibatis.submitted.sptests.SPTest::testCallWithResultSet4_a1()V	822	6
org.apache.ibatis.submitted.sptests.SPTest::testCallWithResultSet4_a2()V	822	6
org.apache.ibatis.submitted.sptests.SPTest::testCallLowHighWithResultSet()V	818	1
org.apache.ibatis.submitted.sptests.SPTest::testGetNamesWithArray_a1()V	824	5
org.apache.ibatis.submitted.sptests.SPTest::testGetNamesWithArray_a2()V	824	5
org.apache.ibatis.submitted.sptests.SPTest::testGetNamesAndItems_a2()V	818	5
org.apache.ibatis.submitted.sptests.SPTest::testGetNamesAndItems_a3()V	818	5
org.apache.ibatis.submitted.sptests.SPTest::testGetNamesAndItemsLinked()V	823	7
org.apache.ibatis.submitted.sptests.SPTest::testGetNamesAndItemsLinkedWithNoMatchingInfo()V	819	3
org.apache.ibatis.submitted.sptests.SPTest::testMultipleForeignKeys()V	820	6
org.apache.ibatis.submitted.primitive_array.PrimitiveArrayTest::setUp()V	1926	4
org.apache.ibatis.submitted.simplelistparameter.SimpleListParameterTest::setUp()V	1926	4
org.apache.ibatis.submitted.optional_on_mapper_method.OptionalOnMapperMethodTest::setUp()V	1926	4
org.apache.ibatis.submitted.extends_with_constructor.NpeExtendsTest::testNoConstructorConfiguration()V	1697	0
org.apache.ibatis.submitted.extends_with_constructor.NpeExtendsTest::testWithConstructorConfiguration()V	1697	0
org.apache.ibatis.submitted.extends_with_constructor.NpeExtendsTest::testSelectWithTeacher()V	1797	1
org.apache.ibatis.submitted.extends_with_constructor.NpeExtendsTest::testSelectNoName()V	1802	1
org.apache.ibatis.submitted.resultmapwithassociationstest.ResultMapWithAssociationsTest::setUp()V	1926	4
org.apache.ibatis.submitted.refid_resolution.ExternalRefidResolutionTest::testExternalRefAfterSelectKey()V	1927	4
org.apache.ibatis.submitted.refid_resolution.RefidResolutionTest::testIncludes()V	2009	0
org.apache.ibatis.submitted.lazy_properties.LazyPropertiesTest::setUp()V	1926	4
org.apache.ibatis.submitted.cache.CacheTest::setUp()V	1926	4
org.apache.ibatis.submitted.cache.CacheTest::testplan1()V	821	2
org.apache.ibatis.submitted.cache.CacheTest::testplan2()V	821	2
org.apache.ibatis.submitted.cache.CacheTest::testplan3()V	820	2
org.apache.ibatis.submitted.typehandlerinjection.TypeHandlerInjectionTest::setUp()V	1926	5
org.apache.ibatis.submitted.autodiscover.AutodiscoverTest::testTypeAlias()V	498	0
org.apache.ibatis.submitted.autodiscover.AutodiscoverTest::testTypeHandler()V	645	1
org.apache.ibatis.submitted.autodiscover.AutodiscoverTest::testMapper()V	28	0
org.apache.ibatis.submitted.include_property.IncludePropertyTest::setUp()V	1926	4
org.apache.ibatis.submitted.include_property.IncludePropertyTest::testSimpleProperty()V	819	2
org.apache.ibatis.submitted.include_property.IncludePropertyTest::testPropertyContext()V	823	4
org.apache.ibatis.submitted.include_property.IncludePropertyTest::testNestedDynamicValue()V	819	1
org.apache.ibatis.submitted.include_property.IncludePropertyTest::testEmptyString()V	819	1
org.apache.ibatis.submitted.include_property.IncludePropertyTest::testPropertyInRefid()V	819	1
org.apache.ibatis.submitted.include_property.IncludePropertyTest::testConfigVar()V	818	1
org.apache.ibatis.submitted.include_property.IncludePropertyTest::testRuntimeVar()V	819	2
org.apache.ibatis.submitted.include_property.IncludePropertyTest::testNestedInclude()V	819	1
org.apache.ibatis.submitted.include_property.IncludePropertyTest::testParametersInAttribute()V	823	4
org.apache.ibatis.submitted.bringrags.SimpleObjectTest::setUp()V	1994	4
org.apache.ibatis.submitted.bringrags.SimpleObjectTest::tearDown()V	3	1
org.apache.ibatis.submitted.bringrags.SimpleObjectTest::testGetById()V	26	0
org.apache.ibatis.submitted.emptycollection.DaoTest::setUp()V	1929	4
org.apache.ibatis.submitted.emptycollection.DaoTest::tearDown()V	3	1
org.apache.ibatis.submitted.emptycollection.DaoTest::testWithEmptyList()V	815	3
org.apache.ibatis.submitted.emptycollection.DaoTest::testWithNonEmptyList()V	824	0
org.apache.ibatis.submitted.emptycollection.DaoTest::testWithNonEmptyList_noCollectionId()V	824	0
org.apache.ibatis.submitted.enumtypehandler_on_map.EnumTypeHandlerTest::testEnumWithParam()V	823	1
org.apache.ibatis.submitted.enumtypehandler_on_map.EnumTypeHandlerTest::testEnumWithoutParam()V	823	1
org.apache.ibatis.submitted.extendresultmap.ExtendResultMapTest::setUp()V	1926	4
org.apache.ibatis.submitted.custom_collection_handling.CustomCollectionHandlingTest::testSelectListWithNestedResultMap()V	2019	4
org.apache.ibatis.submitted.custom_collection_handling.CustomCollectionHandlingTest::testSelectListWithNestedSelect()V	2019	4
org.apache.ibatis.submitted.multipleresultsetswithassociation.MultipleResultSetTest::setUp()V	1999	20
org.apache.ibatis.submitted.parent_reference_3level.BlogTest::setUp()V	1927	4
org.apache.ibatis.submitted.parent_reference_3level.BlogTest::testSelectBlogWithPosts()V	832	6
org.apache.ibatis.submitted.parent_reference_3level.BlogTest::testSelectBlogWithoutPosts()V	830	1
org.apache.ibatis.submitted.parent_reference_3level.BlogTest::testSelectBlogWithPostsColumnPrefix()V	832	6
org.apache.ibatis.submitted.parent_reference_3level.BlogTest::testSelectBlogWithoutPostsColumnPrefix()V	830	1
org.apache.ibatis.submitted.stringlist.StringListTest::setUp()V	1926	4
org.apache.ibatis.submitted.multipleiterates.MultipleIteratesTest::setUp()V	1926	4
org.apache.ibatis.submitted.batch_test.BatchTest::setUp()V	1926	4
org.apache.ibatis.submitted.automapping.AutomappingTest::setUp()V	1926	4
org.apache.ibatis.submitted.cursor_simple.CursorSimpleTest::setUp()V	1926	4
org.apache.ibatis.submitted.cursor_simple.CursorSimpleTest::testCursorClosedOnSessionClose()V	829	3
org.apache.ibatis.submitted.cursor_simple.CursorSimpleTest::testCursorWithRowBound()V	833	5
org.apache.ibatis.submitted.cursor_simple.CursorSimpleTest::testCursorIteratorNoSuchElementExceptionWithHasNext()V	836	3
org.apache.ibatis.submitted.cursor_simple.CursorSimpleTest::testCursorIteratorNoSuchElementExceptionNoHasNext()V	836	2
org.apache.ibatis.submitted.cursor_simple.CursorSimpleTest::testCursorWithBadRowBound()V	36	1
org.apache.ibatis.submitted.cursor_simple.CursorSimpleTest::testCursorMultipleHasNextCall()V	828	4
org.apache.ibatis.submitted.cursor_simple.CursorSimpleTest::testCursorMultipleIteratorCall()V	829	2
org.apache.ibatis.submitted.cursor_simple.CursorSimpleTest::testCursorMultipleCloseCall()V	830	3
org.apache.ibatis.submitted.cursor_simple.CursorSimpleTest::testCursorUsageAfterClose()V	833	4
org.apache.ibatis.submitted.cursor_simple.PostgresCursorTest::setUp()V	1701	0
org.apache.ibatis.submitted.cursor_simple.MysqlCursorTest::setUp()V	1701	0
org.apache.ibatis.submitted.cursor_simple.MysqlCursorTest::testMySqlStreamResultSet()V	823	2
org.apache.ibatis.submitted.cursor_simple.MysqlCursorTest::testMySqlStreamResultSetBatch()V	823	2
org.apache.ibatis.submitted.result_handler_type.DefaultResultHandlerTypeTest::testSelectList()V	2018	408
org.apache.ibatis.submitted.result_handler_type.DefaultResultHandlerTypeTest::testSelectMap()V	2018	408
org.apache.ibatis.submitted.result_handler_type.DefaultResultHandlerTypeTest::testSelectMapAnnotation()V	2019	408
org.apache.ibatis.submitted.associationtest.AssociationTest::setUp()V	1926	4
org.apache.ibatis.submitted.deferload_common_property.CommonPropertyDeferLoadTest::testDeferLoadAfterResultHandler()V	33	3
org.apache.ibatis.submitted.deferload_common_property.CommonPropertyDeferLoadTest::testDeferLoadDuringResultHandler()V	6	0
org.apache.ibatis.submitted.deferload_common_property.CommonPropertyDeferLoadTest::testDeferLoadAfterResultHandlerWithLazyLoad()V	33	3
org.apache.ibatis.submitted.deferload_common_property.CommonPropertyDeferLoadTest::testDeferLoadDuringResultHandlerWithLazyLoad()V	6	0
org.apache.ibatis.submitted.mapper_type_parameter.MapperTypeParameterTest::setUp()V	1926	4
org.apache.ibatis.submitted.keygen.Jdbc3KeyGeneratorTest::setUp()V	1926	4
org.apache.ibatis.submitted.results_id.ResultsIdTest::setUp()V	1926	4
org.apache.ibatis.submitted.results_id.ResultsIdTest::testNamingResults()V	820	0
org.apache.ibatis.submitted.results_id.ResultsIdTest::testResultsOnlyForNaming()V	820	0
org.apache.ibatis.submitted.results_id.ResultsIdTest::testReuseNamedResultsFromAnotherMapper()V	823	5
org.apache.ibatis.submitted.results_id.ResultsIdTest::testReuseNamedResultsFromXmlMapper()V	820	0
org.apache.ibatis.submitted.empty_row.ReturnInstanceForEmptyRowTest::setUp()V	1926	4
org.apache.ibatis.submitted.empty_row.ReturnInstanceForEmptyRowTest::testCollection()V	825	2
org.apache.ibatis.submitted.lazyload_common_property.CommonPropertyLazyLoadTest::testLazyLoadWithNoAncestor()V	7	0
org.apache.ibatis.submitted.lazyload_common_property.CommonPropertyLazyLoadTest::testLazyLoadWithFirstAncestor()V	8	0
org.apache.ibatis.submitted.lazyload_common_property.CommonPropertyLazyLoadTest::testLazyLoadWithAllAncestors()V	8	0
org.apache.ibatis.submitted.lazyload_common_property.CommonPropertyLazyLoadTest::testLazyLoadSkipFirstAncestor()V	7	0
org.apache.ibatis.submitted.valueinmap.ValueInMapTest::setUp()V	1926	4
org.apache.ibatis.submitted.orphan_result_maps.OrphanResultMapTest::testSeparateResultMaps()V	1797	3
org.apache.ibatis.submitted.orphan_result_maps.OrphanResultMapTest::testNestedResultMap()V	1792	3
org.apache.ibatis.submitted.array_type_handler.ArrayTypeHandlerTest::setUp()V	1926	4
org.apache.ibatis.submitted.count.CountTest::setUp()V	1926	4
org.apache.ibatis.submitted.count.CountTest::testCount()V	819	0
org.apache.ibatis.submitted.multiple_discriminator.MultipleDiscriminatorTest::testMultipleDiscriminator()V	824	1
org.apache.ibatis.submitted.multiple_discriminator.MultipleDiscriminatorTest::testMultipleDiscriminator2()V	824	1
org.apache.ibatis.submitted.multiple_discriminator.MultipleDiscriminatorTest::testMultipleDiscriminatorLoop()V	54	0
org.apache.ibatis.submitted.cglib_lazy_error.CglibNPELazyTest::testNoParent()V	47	0
org.apache.ibatis.submitted.cglib_lazy_error.CglibNPELazyTest::testAncestorSelf()V	826	0
org.apache.ibatis.submitted.cglib_lazy_error.CglibNPELazyTest::testAncestorAfterQueryingParents()V	826	0
org.apache.ibatis.submitted.cglib_lazy_error.CglibNPELazyTest::testGrandParent()V	826	0
org.apache.ibatis.submitted.cglib_lazy_error.CglibNPELazyTest::testAncestor()V	827	0
org.apache.ibatis.submitted.cglib_lazy_error.CglibNPETest::testNoParent()V	47	0
org.apache.ibatis.submitted.cglib_lazy_error.CglibNPETest::testAncestorSelf()V	826	0
org.apache.ibatis.submitted.cglib_lazy_error.CglibNPETest::testGrandParent()V	825	0
org.apache.ibatis.submitted.cglib_lazy_error.CglibNPETest::testAncestor()V	826	0
org.apache.ibatis.submitted.cglib_lazy_error.CglibNPETest::testAncestorAfterQueryingParents()V	826	0
org.apache.ibatis.submitted.cglib_lazy_error.CglibNPETest::testInsertBetweenTwoSelects()V	827	4
org.apache.ibatis.submitted.cglib_lazy_error.CglibNPETest::testSelectWithStringSQLInjection()V	822	1
org.apache.ibatis.submitted.complex_type.ComplexTypeTest::setUp()V	1926	4
org.apache.ibatis.submitted.includes.IncludeTest::setUp()V	1926	4
org.apache.ibatis.submitted.includes.IncludeTest::testIncludes()V	819	1
org.apache.ibatis.submitted.includes.IncludeTest::testParametrizedIncludes()V	6	1
org.apache.ibatis.submitted.cacheorder.CacheOrderTest::setUp()V	1926	4
org.apache.ibatis.submitted.null_associations.FooMapperTest::setUp()V	4	0
org.apache.ibatis.submitted.null_associations.FooMapperTest::testNullAssociation()V	827	0
org.apache.ibatis.submitted.null_associations.FooMapperTest::testNotNullAssociation()V	832	0
org.apache.ibatis.submitted.multidb.MultiDbTest::setUp()V	1926	4
org.apache.ibatis.submitted.association_nested.FolderMapperTest::testFindWithChildren()V	2031	16
org.apache.ibatis.submitted.rounding.RoundingHandlersTest::setUp()V	1926	4
org.apache.ibatis.submitted.serializecircular.SerializeCircularTest::testSerializeWithPreloadingAttribute(Lorg/apache/ibatis/session/SqlSession;)V	1107	0
org.apache.ibatis.submitted.serializecircular.SerializeCircularTest::testSerializeWithoutPreloadingAttribute(Lorg/apache/ibatis/session/SqlSession;)V	1107	0
org.apache.ibatis.submitted.serializecircular.SerializeCircularTest::testSerialize(Lorg/apache/ibatis/session/SqlSession;Z)V	1106	0
org.apache.ibatis.submitted.nestedresulthandler_gh1551.NestedResultHandlerGh1551Test::setUp()V	1926	4
org.apache.ibatis.submitted.encoding.EncodingTest::setUp()V	1939	4
org.apache.ibatis.submitted.encoding.EncodingTest::testEncoding1()V	820	0
org.apache.ibatis.submitted.encoding.EncodingTest::testEncoding2()V	820	0
org.apache.ibatis.submitted.constructor_automapping.ConstructorAutomappingTest::setUp()V	1926	4
org.apache.ibatis.submitted.enumtypehandler_on_annotation.EnumTypeHandlerUsingAnnotationTest::testForArg()V	787	0
org.apache.ibatis.submitted.enumtypehandler_on_annotation.EnumTypeHandlerUsingAnnotationTest::testForResult()V	787	0
org.apache.ibatis.submitted.enumtypehandler_on_annotation.EnumTypeHandlerUsingAnnotationTest::testForTypeDiscriminator()V	789	2
org.apache.ibatis.submitted.ognl_enum.EnumWithOgnlTest::testEnumWithOgnl()V	818	1
org.apache.ibatis.submitted.ognl_enum.EnumWithOgnlTest::testEnumWithOgnlDirector()V	818	1
org.apache.ibatis.submitted.ognl_enum.EnumWithOgnlTest::testEnumWithOgnlDirectorNameAttribute()V	818	1
org.apache.ibatis.submitted.ognl_enum.EnumWithOgnlTest::testEnumWithOgnlDirectorWithInterface()V	818	1
org.apache.ibatis.submitted.ognl_enum.EnumWithOgnlTest::testEnumWithOgnlDirectorNameAttributeWithInterface()V	818	1
org.apache.ibatis.submitted.parametrizedlist.ParametrizedListTest::setUp()V	1926	4
org.apache.ibatis.submitted.parametrizedlist.ParametrizedListTest::testShouldDetectUsersAsParameterInsideAList()V	819	2
org.apache.ibatis.submitted.parametrizedlist.ParametrizedListTest::testShouldDetectUsersAsParameterInsideAMap()V	819	2
org.apache.ibatis.submitted.parametrizedlist.ParametrizedListTest::testShouldGetAUserAsAMap()V	819	1
org.apache.ibatis.submitted.parametrizedlist.ParametrizedListTest::testShouldGetAListOfMaps()V	819	2
org.apache.ibatis.submitted.language.LanguageTest::setUp()V	1926	4
org.apache.ibatis.submitted.language.LanguageTest::testDynamicSelectWithPropertyParams()V	827	12
org.apache.ibatis.submitted.language.LanguageTest::testDynamicSelectWithExpressionParams()V	827	12
org.apache.ibatis.submitted.language.LanguageTest::testDynamicSelectWithIteration()V	819	3
org.apache.ibatis.submitted.language.LanguageTest::testLangRaw()V	823	4
org.apache.ibatis.submitted.language.LanguageTest::testLangRawWithInclude()V	823	4
org.apache.ibatis.submitted.language.LanguageTest::testLangRawWithIncludeAndCData()V	823	4
org.apache.ibatis.submitted.language.LanguageTest::testLangXmlTags()V	823	4
org.apache.ibatis.submitted.language.LanguageTest::testLangRawWithMapper()V	824	4
org.apache.ibatis.submitted.language.LanguageTest::testLangVelocityWithMapper()V	824	4
org.apache.ibatis.submitted.language.LanguageTest::testLangXmlWithMapper()V	824	4
org.apache.ibatis.submitted.language.LanguageTest::testLangXmlWithMapperAndSqlSymbols()V	824	4
org.apache.ibatis.submitted.localtime.LocalTimeTest::setUp()V	1926	4
org.apache.ibatis.submitted.annotion_many_one_add_resultmapid.OneManyResultMapTest::setUp()V	1926	4
org.apache.ibatis.submitted.xml_external_ref.ResultMapReferenceTest::testCrossReferenceXmlConfig()V	2017	0
org.apache.ibatis.submitted.xml_external_ref.ResultMapReferenceTest::testCrossReferenceJavaConfig()V	1792	0
org.apache.ibatis.submitted.xml_external_ref.ResultMapReferenceTest::testCrossReference(Lorg/apache/ibatis/session/SqlSessionFactory;)V	819	0
org.apache.ibatis.submitted.xml_external_ref.ResultMapExtendsTest::testExternalExtendsXmlConfig()V	2017	0
org.apache.ibatis.submitted.xml_external_ref.ResultMapExtendsTest::testExternalExtendsJavaConfig()V	1792	0
org.apache.ibatis.submitted.xml_external_ref.ResultMapExtendsTest::testCrossReference(Lorg/apache/ibatis/session/SqlSessionFactory;)V	819	0
org.apache.ibatis.submitted.xml_external_ref.ReverseIncludeTest::testReverseIncludeXmlConfig()V	2021	0
org.apache.ibatis.submitted.xml_external_ref.ReverseIncludeTest::testReverseIncludeJavaConfig()V	1796	0
org.apache.ibatis.submitted.xml_external_ref.ReverseIncludeTest::testReverseIncludes(Lorg/apache/ibatis/session/SqlSessionFactory;)V	823	0
org.apache.ibatis.submitted.xml_external_ref.ParameterMapReferenceTest::testCrossReferenceXmlConfig()V	2019	0
org.apache.ibatis.submitted.xml_external_ref.ParameterMapReferenceTest::testCrossReferenceJavaConfig()V	1794	0
org.apache.ibatis.submitted.xml_external_ref.ParameterMapReferenceTest::testCrossReference(Lorg/apache/ibatis/session/SqlSessionFactory;)V	821	0
org.apache.ibatis.submitted.xml_external_ref.MultipleCrossIncludeTest::testMultipleCrossIncludeXmlConfig()V	2024	0
org.apache.ibatis.submitted.xml_external_ref.MultipleCrossIncludeTest::testMultipleCrossIncludeJavaConfig()V	1799	0
org.apache.ibatis.submitted.xml_external_ref.MultipleCrossIncludeTest::testMappedStatementCache()V	2018	5
org.apache.ibatis.submitted.xml_external_ref.MultipleCrossIncludeTest::testCrossReference(Lorg/apache/ibatis/session/SqlSessionFactory;)V	826	2
org.apache.ibatis.submitted.xml_external_ref.MultipleIncludeTest::testMultipleIncludeXmlConfig()V	2021	0
org.apache.ibatis.submitted.xml_external_ref.MultipleIncludeTest::testMultipleIncludeJavaConfig()V	1796	0
org.apache.ibatis.submitted.xml_external_ref.MultipleIncludeTest::testMultipleIncludes(Lorg/apache/ibatis/session/SqlSessionFactory;)V	823	0
org.apache.ibatis.submitted.xml_external_ref.NonFullyQualifiedNamespaceTest::testCrossReferenceXmlConfig()V	2025	10
org.apache.ibatis.submitted.xml_external_ref.SameIdTest::testCrossReferenceXmlConfig()V	2027	0
org.apache.ibatis.submitted.xml_external_ref.SameIdTest::testCrossReferenceJavaConfig()V	1802	0
org.apache.ibatis.submitted.xml_external_ref.SameIdTest::testCrossReference(Lorg/apache/ibatis/session/SqlSessionFactory;)V	829	2
org.apache.ibatis.submitted.xml_external_ref.XmlExternalRefTest::testCrossReferenceXmlConfig()V	2027	0
org.apache.ibatis.submitted.xml_external_ref.XmlExternalRefTest::testCrossReferenceJavaConfig()V	1802	0
org.apache.ibatis.submitted.xml_external_ref.XmlExternalRefTest::testFailFastOnBuildAll()V	1782	1
org.apache.ibatis.submitted.xml_external_ref.XmlExternalRefTest::testFailFastOnBuildAllWithInsert()V	1782	1
org.apache.ibatis.submitted.xml_external_ref.XmlExternalRefTest::testMappedStatementCache()V	2018	5
org.apache.ibatis.submitted.xml_external_ref.XmlExternalRefTest::testCrossReference(Lorg/apache/ibatis/session/SqlSessionFactory;)V	829	2
org.apache.ibatis.submitted.xml_external_ref.MultipleReverseIncludeTest::testMultipleReverseIncludeXmlConfig()V	2021	0
org.apache.ibatis.submitted.xml_external_ref.MultipleReverseIncludeTest::testMultipleReverseIncludeJavaConfig()V	1796	0
org.apache.ibatis.submitted.xml_external_ref.MultipleReverseIncludeTest::testMultipleReverseIncludes(Lorg/apache/ibatis/session/SqlSessionFactory;)V	823	0
org.apache.ibatis.submitted.permissions.PermissionsTest::setUp()V	1926	4
org.apache.ibatis.submitted.call_setters_on_nulls.DoNotCallSettersOnNullsTest::setUp()V	1926	4
org.apache.ibatis.submitted.call_setters_on_nulls.CallSettersOnNullsTest::setUp()V	1926	4
org.apache.ibatis.submitted.maptypehandler.MapTypeHandlerTest::setUp()V	1926	4
org.apache.ibatis.submitted.propertiesinmapperfiles.PropertiesInMappersTest::setUp()V	1926	4
org.apache.ibatis.submitted.keycolumn.InsertTest::setUp()V	1701	0
org.apache.ibatis.submitted.keycolumn.InsertTest::testInsertAnnotated()V	824	0
org.apache.ibatis.submitted.keycolumn.InsertTest::testInsertMapped()V	824	0
org.apache.ibatis.submitted.keycolumn.InsertTest::testInsertMappedBatch()V	825	1
org.apache.ibatis.submitted.nested_query_cache.NestedQueryCacheTest::setUp()V	1925	4
org.apache.ibatis.submitted.nested_query_cache.NestedQueryCacheTest::testThatNestedQueryItemsAreRetrievedFromCache()V	775	0
org.apache.ibatis.submitted.nested_query_cache.NestedQueryCacheTest::testThatNestedQueryItemsAreRetrievedIfNotInCache()V	784	0
org.apache.ibatis.submitted.criterion.CriterionTest::setUp()V	1926	4
org.apache.ibatis.submitted.criterion.CriterionTest::testSimpleSelect()V	819	1
org.apache.ibatis.submitted.primitives.PrimitivesTest::setUp()V	1926	4
org.apache.ibatis.submitted.force_flush_on_select.ForceFlushOnSelectTest::testShouldFlushLocalSessionCacheOnQuery()V	827	0
org.apache.ibatis.submitted.force_flush_on_select.ForceFlushOnSelectTest::testShouldNotFlushLocalSessionCacheOnQuery()V	827	0
org.apache.ibatis.submitted.force_flush_on_select.ForceFlushOnSelectTest::testShouldFlushLocalSessionCacheOnQueryForList()V	827	1
org.apache.ibatis.submitted.force_flush_on_select.ForceFlushOnSelectTest::testShouldNotFlushLocalSessionCacheOnQueryForList()V	827	1
org.apache.ibatis.submitted.force_flush_on_select.ForceFlushOnSelectTest::testUpdateShouldFlushLocalCache()V	829	0
org.apache.ibatis.submitted.force_flush_on_select.ForceFlushOnSelectTest::testSelectShouldFlushLocalCacheIfFlushLocalCacheAtferEachStatementIsTrue()V	830	1
org.apache.ibatis.submitted.xml_references.EnumWithOgnlTest::testConfiguration()V	1706	0
org.apache.ibatis.submitted.xml_references.EnumWithOgnlTest::testMixedConfiguration()V	1926	4
org.apache.ibatis.submitted.ancestor_ref.AncestorRefTest::setUp()V	1926	4
org.apache.ibatis.submitted.ancestor_ref.AncestorRefTest::testCircularAssociation()V	821	0
org.apache.ibatis.submitted.ancestor_ref.AncestorRefTest::testCircularCollection()V	821	2
org.apache.ibatis.submitted.ancestor_ref.AncestorRefTest::testAncestorRef()V	824	0
org.apache.ibatis.submitted.initialized_collection_property.AuthorDAOTest::testGetMessageForEmptyDatabase()V	1926	4
org.apache.ibatis.submitted.dynsql.DynSqlTest::setUp()V	1926	4
org.apache.ibatis.submitted.dynsql.DynSqlTest::testSelect()V	821	4
org.apache.ibatis.submitted.dynsql.DynSqlTest::testSelectSimple()V	821	4
org.apache.ibatis.submitted.dynsql.DynSqlTest::testSelectLike()V	822	5
org.apache.ibatis.submitted.dynsql.DynSqlTest::testNumerics()V	843	6
org.apache.ibatis.submitted.dynsql.DynSqlTest::testOgnlStaticMethodCall()V	822	3
org.apache.ibatis.submitted.dynsql.DynSqlTest::testBindNull()V	820	0
org.apache.ibatis.submitted.dynsql.DynSqlTest::testValueObjectWithoutParamAnnotation()V	823	3
org.apache.ibatis.submitted.dynsql.DynSqlTest::testNonValueObjectWithoutParamAnnotation()V	827	8
org.apache.ibatis.submitted.dynsql.DynSqlTest::testCustomValueObjectWithoutParamAnnotation()V	2021	17
org.apache.ibatis.submitted.collectionparameters.CollectionParametersTest::setUp()V	1926	4
org.apache.ibatis.submitted.overwritingproperties.FooMapperTest::setUp()V	4	0
org.apache.ibatis.submitted.overwritingproperties.FooMapperTest::testOverwriteWithDefault()V	825	0
org.apache.ibatis.submitted.lazy_immutable.ImmutablePOJOTest::testLoadLazyImmutablePOJO()V	828	1
org.apache.ibatis.submitted.discriminator.DiscriminatorTest::setUp()V	1926	4
org.apache.ibatis.submitted.substitution_in_annots.SubstitutionInAnnotsTest::setUp()V	1701	0
org.apache.ibatis.submitted.substitution_in_annots.SubstitutionInAnnotsTest::testSubstitutionWithXml()V	820	0
org.apache.ibatis.submitted.substitution_in_annots.SubstitutionInAnnotsTest::testSubstitutionWithAnnotsValue()V	820	0
org.apache.ibatis.submitted.substitution_in_annots.SubstitutionInAnnotsTest::testSubstitutionWithAnnotsParameter()V	820	0
org.apache.ibatis.submitted.substitution_in_annots.SubstitutionInAnnotsTest::testSubstitutionWithAnnotsParamAnnot()V	820	0
org.apache.ibatis.submitted.nestedresulthandler_multiple_association.NestedResultHandlerMultipleAssociationTest::setUp()V	1926	4
org.apache.ibatis.submitted.resolution.javamethods.JavaMethodsTest::setUp()V	1926	4
org.apache.ibatis.submitted.resolution.cachereffromxml.CacheRefFromXmlTest::setUp()V	1926	4
org.apache.ibatis.submitted.resolution.cacherefs.CacheRefsTest::setUp()V	1926	4
org.apache.ibatis.submitted.resolution.deepresultmap.DeepResultMapTest::setUp()V	1926	4
org.apache.ibatis.submitted.inheritance.InheritanceTest::setUp()V	1926	4
org.apache.ibatis.submitted.call_setters_on_nulls_again.MyBatisTest::setUp()V	1925	4
org.apache.ibatis.submitted.call_setters_on_nulls_again.MyBatisTest::test()V	819	1
org.apache.ibatis.submitted.generictyperesolution.GenericTypeResolutionTest::setUp()V	1926	4
org.apache.ibatis.submitted.enum_interface_type_handler.EnumInterfaceTypeHandlerTest::setUp()V	1926	4
org.apache.ibatis.submitted.nestedresulthandler_association.NestedResultHandlerAssociationTest::setUp()V	1926	4
org.apache.ibatis.submitted.postgres_genkeys.PostgresGeneratedKeysTest::setUp()V	1702	0
org.apache.ibatis.submitted.postgres_genkeys.PostgresGeneratedKeysTest::testInsertIntoTableWithNoSerialColumn()V	818	0
org.apache.ibatis.submitted.postgres_genkeys.PostgresGeneratedKeysTest::testUpdateTableWithSerial()V	818	0
org.apache.ibatis.submitted.postgres_genkeys.PostgresGeneratedKeysTest::testUnusedGeneratedKey()V	818	0
org.apache.ibatis.submitted.typehandler.TypeHandlerTest::setUp()V	1926	5
org.apache.ibatis.submitted.sqlprovider.SqlProviderTest::setUp()V	1927	8
org.apache.ibatis.submitted.sqlprovider.ProviderMethodResolutionTest::setUp()V	1926	4
org.apache.ibatis.submitted.empty_namespace.EmptyNamespaceTest::testEmptyNamespace()V	928	4
org.apache.ibatis.submitted.order_prefix_removed.OrderPrefixRemovedTest::testOrderPrefixNotRemoved()V	32	0
org.apache.ibatis.submitted.not_null_column.NotNullColumnTest::testNotNullColumnWithChildrenNoFid()V	824	1
org.apache.ibatis.submitted.not_null_column.NotNullColumnTest::testNotNullColumnWithoutChildrenNoFid()V	37	1
org.apache.ibatis.submitted.not_null_column.NotNullColumnTest::testNotNullColumnWithoutChildrenFid()V	37	1
org.apache.ibatis.submitted.not_null_column.NotNullColumnTest::testNotNullColumnWithoutChildrenWithInternalResultMap()V	37	1
org.apache.ibatis.submitted.not_null_column.NotNullColumnTest::testNotNullColumnWithoutChildrenWithRefResultMap()V	37	1
org.apache.ibatis.submitted.not_null_column.NotNullColumnTest::testNotNullColumnWithoutChildrenFidMultipleNullColumns()V	37	1
org.apache.ibatis.submitted.not_null_column.NotNullColumnTest::testNotNullColumnWithoutChildrenFidMultipleNullColumnsAndBrackets()V	37	1
org.apache.ibatis.submitted.not_null_column.NotNullColumnTest::testNotNullColumnWithoutChildrenFidWorkaround()V	37	1
org.apache.ibatis.submitted.batch_keys.BatchKeysTest::setUp()V	1926	4
org.apache.ibatis.submitted.batch_keys.BatchKeysTest::testJdbc3Support()V	423	14
org.apache.ibatis.submitted.batch_keys.BatchKeysTest::testInsert()V	826	1
org.apache.ibatis.submitted.batch_keys.BatchKeysTest::testInsertJdbc3()V	826	1
org.apache.ibatis.submitted.batch_keys.BatchKeysTest::testInsertWithMapper()V	826	1
org.apache.ibatis.submitted.batch_keys.BatchKeysTest::testInsertMapperJdbc3()V	826	1
org.apache.ibatis.submitted.batch_keys.BatchKeysTest::testInsertMapperNoBatchJdbc3()V	824	1
org.apache.ibatis.submitted.column_prefix.ColumnPrefixTest::setUp()V	1927	4
org.apache.ibatis.submitted.column_prefix.ColumnPrefixTest::testSelectPetAndRoom()V	827	4
org.apache.ibatis.submitted.column_prefix.ColumnPrefixTest::testComplexPerson()V	840	16
org.apache.ibatis.submitted.column_prefix.ColumnPrefixAutoMappingTest::testCaseInsensitivity()V	823	4
org.apache.ibatis.submitted.timezone_edge_case.TimezoneEdgeCaseTest::setUp()V	1926	4
org.apache.ibatis.submitted.awful_table.AwfulTableTest::setUp()V	1926	4
org.apache.ibatis.submitted.awful_table.AwfulTableTest::testAwfulTableInsert()V	848	1
org.apache.ibatis.submitted.raw_sql_source.RawSqlSourceTest::setUp()V	1926	4
org.apache.ibatis.submitted.raw_sql_source.RawSqlSourceTest::test(Ljava/lang/String;Ljava/lang/Class;)V	1076	3
org.apache.ibatis.submitted.foreach_map.ForEachMapTest::setUp()V	2	0
org.apache.ibatis.submitted.foreach_map.ForEachMapTest::tearDown()V	2	0
org.apache.ibatis.submitted.dynsql2.DynSqlTest::setUp()V	1926	4
org.apache.ibatis.submitted.dynsql2.DynSqlTest::testDynamicSelectWithTypeHandler()V	821	3
org.apache.ibatis.submitted.dynsql2.DynSqlTest::testSimpleSelect()V	819	4
org.apache.ibatis.submitted.quotedcolumnnames.QuotedColumnNamesTest::setUp()V	1926	4
org.apache.ibatis.submitted.quotedcolumnnames.QuotedColumnNamesTest::testIt()V	45	0
org.apache.ibatis.submitted.quotedcolumnnames.QuotedColumnNamesTest::testItWithResultMap()V	45	0
org.apache.ibatis.submitted.disallowdotsonnames.DisallowDotsOnNamesTest::testShouldNotAllowMappedStatementsWithDots()V	927	0
org.apache.ibatis.submitted.global_variables.BaseTest::setUp()V	1926	4
org.apache.ibatis.submitted.basetest.BaseTest::setUp()V	1926	4
org.apache.ibatis.submitted.hashmaptypehandler.HashMapTypeHandlerTest::setUp()V	1926	4
org.apache.ibatis.submitted.constructor_columnprefix.ConstructorColumnPrefixTest::setUp()V	1926	4
org.apache.ibatis.submitted.enum_with_method.EnumWithMethodTest::setUp()V	1926	4
org.apache.ibatis.submitted.ognlstatic.OgnlStaticTest::setUp()V	1926	4
org.apache.ibatis.submitted.selectkey.SelectKeyTest::setUp()V	1926	4
org.apache.ibatis.submitted.selectkey.SelectKeyTest::testSelectKey()V	1934	0
org.apache.ibatis.submitted.selectkey.SelectKeyTest::testInsertTable1()V	822	2
org.apache.ibatis.submitted.selectkey.SelectKeyTest::testInsertTable2()V	822	2
org.apache.ibatis.submitted.selectkey.SelectKeyTest::testSeleckKeyReturnsNoData()V	819	1
org.apache.ibatis.submitted.selectkey.SelectKeyTest::testSeleckKeyReturnsTooManyData()V	820	1
org.apache.ibatis.submitted.selectkey.SelectKeyTest::testAnnotatedInsertTable2()V	818	0
org.apache.ibatis.submitted.selectkey.SelectKeyTest::testAnnotatedInsertTable2WithGeneratedKey()V	822	0
org.apache.ibatis.submitted.selectkey.SelectKeyTest::testAnnotatedUpdateTable2WithGeneratedKey()V	822	0
org.apache.ibatis.submitted.selectkey.SelectKeyTest::testAnnotatedUpdateTable2WithGeneratedKeyXml()V	822	0
org.apache.ibatis.submitted.selectkey.SelectKeyTest::testAnnotatedInsertTable2WithGeneratedKeyXml()V	822	0
org.apache.ibatis.submitted.selectkey.SelectKeyTest::testAnnotatedInsertTable2WithSelectKeyWithKeyMap()V	822	0
org.apache.ibatis.submitted.selectkey.SelectKeyTest::testAnnotatedUpdateTable2WithSelectKeyWithKeyMap()V	822	0
org.apache.ibatis.submitted.selectkey.SelectKeyTest::testAnnotatedInsertTable2WithSelectKeyWithKeyMapXml()V	822	0
org.apache.ibatis.submitted.selectkey.SelectKeyTest::testAnnotatedUpdateTable2WithSelectKeyWithKeyMapXml()V	822	0
org.apache.ibatis.submitted.selectkey.SelectKeyTest::testAnnotatedInsertTable2WithSelectKeyWithKeyObject()V	822	0
org.apache.ibatis.submitted.selectkey.SelectKeyTest::testAnnotatedUpdateTable2WithSelectKeyWithKeyObject()V	822	0
org.apache.ibatis.submitted.selectkey.SelectKeyTest::testAnnotatedUpdateTable2WithSelectKeyWithKeyObjectXml()V	822	0
org.apache.ibatis.submitted.selectkey.SelectKeyTest::testAnnotatedInsertTable2WithSelectKeyWithKeyObjectXml()V	822	0
org.apache.ibatis.submitted.selectkey.SelectKeyTest::testAnnotatedInsertTable3()V	818	0
org.apache.ibatis.submitted.selectkey.SelectKeyTest::testAnnotatedInsertTable3_2()V	818	0
org.apache.ibatis.submitted.selectkey.SelectKeyTest::testSeleckKeyWithWrongKeyProperty()V	819	0
org.apache.ibatis.submitted.nestedresulthandler.NestedResultHandlerTest::setUp()V	1926	4
org.apache.ibatis.submitted.nestedresulthandler.NestedResultHandlerTest::testGetPerson()V	831	12
org.apache.ibatis.submitted.nestedresulthandler.NestedResultHandlerTest::testGetPersonWithHandler()V	6	0
org.apache.ibatis.submitted.nestedresulthandler.NestedResultHandlerTest::testUnorderedGetPersonWithHandler()V	819	0
org.apache.ibatis.submitted.nestedresulthandler.NestedResultHandlerTest::testGetPersonOrderedByItem()V	831	12
org.apache.ibatis.submitted.nestedresulthandler.NestedResultHandlerTest::testGetPersonItemPairs()V	832	5
org.apache.ibatis.submitted.nested.NestedForEachTest::setUp()V	1926	4
org.apache.ibatis.submitted.nested.NestedForEachTest::testSimpleSelect()V	820	1
org.apache.ibatis.submitted.nested.NestedForEachTest::testSimpleSelectWithPrimitives()V	818	2
org.apache.ibatis.submitted.nested.NestedForEachTest::testSimpleSelectWithMapperAndPrimitives()V	819	1
org.apache.ibatis.submitted.nested.NestedForEachTest::testNestedSelect()V	821	1
org.apache.ibatis.submitted.nested.NestedForEachTest::testNestedSelect2()V	821	1
org.apache.ibatis.submitted.default_method.DefaultMethodTest::setUp()V	1926	4
org.apache.ibatis.submitted.camelcase.CamelCaseMappingTest::setUp()V	1926	4
org.apache.ibatis.submitted.camelcase.CamelCaseMappingTest::testList()V	55	3
org.apache.ibatis.submitted.camelcase.CamelCaseMappingTest::testMap()V	32	3
org.apache.ibatis.submitted.member_access.MemberAccessTest::setUp()V	1926	4
org.apache.ibatis.submitted.no_param_type.NoParamTypeTest::setUp()V	1926	4
org.apache.ibatis.submitted.mapper_extend.MapperExtendTest::setUp()V	1926	4
org.apache.ibatis.submitted.flush_statement_npe.FlushStatementNpeTest::testSameUpdateAfterCommitSimple()V	9	0
org.apache.ibatis.submitted.flush_statement_npe.FlushStatementNpeTest::testSameUpdateAfterCommitReuse()V	9	0
org.apache.ibatis.submitted.flush_statement_npe.FlushStatementNpeTest::testSameUpdateAfterCommitBatch()V	9	0
org.apache.ibatis.submitted.cursor_nested.CursorNestedTest::setUp()V	1926	4
org.apache.ibatis.submitted.cursor_nested.CursorNestedTest::testCursorWithRowBound()V	833	3
org.apache.ibatis.submitted.generictypes.GenericTypesTest::setUp()V	1926	4
org.apache.ibatis.submitted.generictypes.GenericTypesTest::testShouldGetAListOfMaps()V	30	0
org.apache.ibatis.submitted.blocking_cache.BlockingCacheTest::setUp()V	1926	4
org.apache.ibatis.submitted.blocking_cache.BlockingCacheTest::testBlockingCache()V	29	0
org.apache.ibatis.submitted.lazy_deserialize.LazyDeserializeTest::testLoadLazyDeserialize()V	1216	1
org.apache.ibatis.submitted.lazy_deserialize.LazyDeserializeTest::testLoadLazyDeserializeWithoutConfigurationFactory()V	1119	5
org.apache.ibatis.submitted.multiple_resultsets.MultipleResultTest::setUp()V	1702	0
org.apache.ibatis.submitted.result_handler.ResulthandlerTest::setUp()V	1926	4
org.apache.ibatis.submitted.use_actual_param_name.UseActualParamNameTest::setUp()V	1926	4
org.apache.ibatis.submitted.manyanno.ManyAnnoTest::testGetMessageForEmptyDatabase()V	1786	7
org.apache.ibatis.submitted.associationtype.AssociationTypeTest::setUp()V	1926	4
org.apache.ibatis.submitted.nonexistentvariables.NonExistentVariablesTest::setUp()V	1926	4
org.apache.ibatis.submitted.nonexistentvariables.NonExistentVariablesTest::testWrongParameter()V	820	0
org.apache.ibatis.submitted.blobtest.BlobTest::testInsertBlobThenSelectAll()V	823	2
org.apache.ibatis.submitted.blobtest.BlobTest::testInsertBlobObjectsThenSelectAll()V	824	2
org.apache.ibatis.submitted.sql.HsqldbSQLTest::setUp()V	1703	0
org.apache.ibatis.submitted.sql.HsqldbSQLTest::testFetchFirst()V	823	8
org.apache.ibatis.submitted.sql.PostgresSQLTest::setUp()V	1703	0
org.apache.ibatis.submitted.sql.PostgresSQLTest::testFetchFirst()V	824	8
org.apache.ibatis.exceptions.GeneralExceptionsTest::testExceptionConstructors(Ljava/lang/Class;)V	818	0
org.apache.ibatis.exceptions.GeneralExceptionsTest::testThrowException(Ljava/lang/Exception;)V	816	0
org.apache.ibatis.jdbc.ScriptRunnerTest::testLogging()V	897	4
org.apache.ibatis.jdbc.ScriptRunnerTest::testLoggingFullScipt()V	897	4
org.apache.ibatis.jdbc.ScriptRunnerTest::test()V	815	0
org.apache.ibatis.jdbc.SQLTest::testValues()V	796	0
org.apache.ibatis.type.SqlxmlTypeHandlerTest::setUp()V	1701	0
org.apache.ibatis.autoconstructor.AutoConstructorTest::setUp()V	1926	4
org.apache.ibatis.executor.ResultExtractorTest::setUp()V	1	0
org.apache.ibatis.parsing.XPathParserTest::testEvalMethod(Lorg/apache/ibatis/parsing/XPathParser;)V	936	4
org.apache.ibatis.builder.SqlSourceBuilderTest::setUp()V	1	0
org.apache.ibatis.builder.SqlSourceBuilderTest::testShrinkWhitespacesInSqlIsFalse()V	825	1
org.apache.ibatis.builder.SqlSourceBuilderTest::testShrinkWhitespacesInSqlIsTrue()V	826	1
org.apache.ibatis.logging.jdbc.ConnectionLoggerTest::setUp()V	422	0
org.apache.ibatis.logging.jdbc.StatementLoggerTest::setUp()V	422	0
org.apache.ibatis.logging.jdbc.PreparedStatementLoggerTest::setUp()V	422	0
org.apache.ibatis.logging.jdbc.BaseJdbcLoggerTest::setUp()V	1	0
org.apache.ibatis.reflection.ArrayUtilTest::testHashCode()V	829	1
org.apache.ibatis.reflection.ArrayUtilTest::testequals()V	46	0
org.apache.ibatis.reflection.ArrayUtilTest::testToString()V	819	0
org.apache.ibatis.reflection.TypeParameterResolverTest::testReturn_Lv0SimpleClass()V	846	0
org.apache.ibatis.reflection.TypeParameterResolverTest::testReturn_SimpleVoid()V	846	0
org.apache.ibatis.reflection.TypeParameterResolverTest::testReturn_SimplePrimitive()V	846	0
org.apache.ibatis.reflection.TypeParameterResolverTest::testReturn_SimpleClass()V	846	0
org.apache.ibatis.reflection.TypeParameterResolverTest::testReturn_SimpleList()V	853	0
org.apache.ibatis.reflection.TypeParameterResolverTest::testReturn_SimpleMap()V	853	0
org.apache.ibatis.reflection.TypeParameterResolverTest::testReturn_SimpleWildcard()V	853	0
org.apache.ibatis.reflection.TypeParameterResolverTest::testReturn_SimpleArray()V	850	1
org.apache.ibatis.reflection.TypeParameterResolverTest::testReturn_SimpleArrayOfArray()V	850	2
org.apache.ibatis.reflection.TypeParameterResolverTest::testReturn_SimpleTypeVar()V	853	0
org.apache.ibatis.reflection.TypeParameterResolverTest::testReturn_Lv1Class()V	846	0
org.apache.ibatis.reflection.TypeParameterResolverTest::testReturn_Lv2CustomClass()V	853	0
org.apache.ibatis.reflection.TypeParameterResolverTest::testReturn_Lv2CustomClassList()V	853	0
org.apache.ibatis.reflection.TypeParameterResolverTest::testReturn_Lv0InnerClass()V	846	0
org.apache.ibatis.reflection.TypeParameterResolverTest::testReturn_Lv2Class()V	846	0
org.apache.ibatis.reflection.TypeParameterResolverTest::testReturn_Lv1List()V	853	0
org.apache.ibatis.reflection.TypeParameterResolverTest::testReturn_Lv1Array()V	850	1
org.apache.ibatis.reflection.TypeParameterResolverTest::testReturn_Lv2ArrayOfArray()V	850	2
org.apache.ibatis.reflection.TypeParameterResolverTest::testReturn_Lv2ArrayOfList()V	850	0
org.apache.ibatis.reflection.TypeParameterResolverTest::testReturn_Lv2WildcardList()V	853	0
org.apache.ibatis.reflection.TypeParameterResolverTest::testReturn_LV2Map()V	853	0
org.apache.ibatis.reflection.TypeParameterResolverTest::testReturn_Subclass()V	846	0
org.apache.ibatis.reflection.TypeParameterResolverTest::testParam_Primitive()V	848	0
org.apache.ibatis.reflection.TypeParameterResolverTest::testParam_Simple()V	848	0
org.apache.ibatis.reflection.TypeParameterResolverTest::testParam_Lv1Single()V	848	0
org.apache.ibatis.reflection.TypeParameterResolverTest::testParam_Lv2Single()V	848	0
org.apache.ibatis.reflection.TypeParameterResolverTest::testParam_Lv2Multiple()V	848	0
org.apache.ibatis.reflection.TypeParameterResolverTest::testParam_Lv2CustomClass()V	852	0
org.apache.ibatis.reflection.TypeParameterResolverTest::testParam_Lv1Array()V	849	0
org.apache.ibatis.reflection.TypeParameterResolverTest::testParam_Subclass()V	845	0
org.apache.ibatis.reflection.TypeParameterResolverTest::testReturn_Anonymous()V	846	1
org.apache.ibatis.reflection.TypeParameterResolverTest::testField_GenericField()V	854	0
org.apache.ibatis.reflection.TypeParameterResolverTest::testReturnParam_WildcardWithUpperBounds()V	854	0
org.apache.ibatis.reflection.TypeParameterResolverTest::testDeepHierarchy()V	863	0
org.apache.ibatis.reflection.ReflectorTest::testGetSetterType()V	817	0
org.apache.ibatis.reflection.ReflectorTest::testGetGetterType()V	817	0